id,name,ext
5alextest,alex,png
10alextest,alex,png
4alextest,alex,png
2alextest,alex,png
6alextest,alex,png
2sanatest,sana,png
9alextest,alex,png
7sanatest,sana,png
4paulatest,paula,png
1sanatest,sana,png
3alextest,alex,png
7paulatest,paula,png
5sanatest,sana,png
2paulatest,paula,png
10rafatest,rafa,png
1alextest,alex,png
4rafatest,rafa,png
10sanatest,sana,png
7alextest,alex,png
2rafatest,rafa,png
9paulatest,paula,png
8alextest,alex,png
3sanatest,sana,png
3rafatest,rafa,png
3paulatest,paula,png
5paulatest,paula,png
2sergitest,sergi,png
7gabitest,gabi,png
1sergitest,sergi,png
8sanatest,sana,png
1gabitest,gabi,png
4sanatest,sana,png
4sergitest,sergi,png
6ricardtest,ricard,png
3gabitest,gabi,png
4gabitest,gabi,png
10sergitest,sergi,png
7joseptest,josep,png
5gabitest,gabi,png
7sergitest,sergi,png
3ricardtest,ricard,png
2ricardtest,ricard,png
10gabitest,gabi,png
10joseptest,josep,png
5sergitest,sergi,png
5ricardtest,ricard,png
5joseptest,josep,png
9sergitest,sergi,png
9gabitest,gabi,png
9joseptest,josep,png
4ricardtest,ricard,png
3sergitest,sergi,png
9ricardtest,ricard,png
2gabitest,gabi,png
2joseptest,josep,png
10ricardtest,ricard,png
8gabitest,gabi,png
6sergitest,sergi,png
1joseptest,josep,png
8sergitest,sergi,png
1ricardtest,ricard,png
6gabitest,gabi,png
9sandratest,sandra,png
7ricardtest,ricard,png
8ricardtest,ricard,png
8sandratest,sandra,png
8joseptest,josep,png
6sanatest,sana,png
6rafatest,rafa,png
4sandratest,sandra,png
6joseptest,josep,png
9rafatest,rafa,png
9sanatest,sana,png
7sandratest,sandra,png
3joseptest,josep,png
2sandratest,sandra,png
1rafatest,rafa,png
6sandratest,sandra,png
7rafatest,rafa,png
4joseptest,josep,png
1sandratest,sandra,png
8rafatest,rafa,png
3sandratest,sandra,png
5rafatest,rafa,png
8paulatest,paula,png
5sandratest,sandra,png
1paulatest,paula,png
10sandratest,sandra,png
6paulatest,paula,png
10paulatest,paula,png
